Geography,Geographic Area Name,"Employed population (16+ years, all)","Employed population (16+ years, female)",Workers who commute to work (total),Workers who commute to work (drive alone),Workers who commute to work (carpool),Workers who commute to work (public transit),Workers who commute to work (walk),Workers who commute to work (other),Workers who commute to work (work from home),Mean travel time to work (minutes),Median household income (dollars),Mean household income (dollars)
1400000US06059001101,"Census Tract 11.01, Orange County, California",3839,2007,2269,1835,231,27,39,0,137,31.2,101500,121404
1400000US06059001102,"Census Tract 11.02, Orange County, California",2895,1490,1990,1623,235,33,29,10,60,36.2,99286,105070
1400000US06059001103,"Census Tract 11.03, Orange County, California",3648,1761,2265,1852,117,125,43,100,28,32.5,81938,100142
1400000US06059001201,"Census Tract 12.01, Orange County, California",4164,1960,2714,2128,343,83,103,29,28,26.7,63803,74642
1400000US06059001202,"Census Tract 12.02, Orange County, California",2976,1569,1700,1220,311,29,26,52,62,34.3,77917,84285
1400000US06059001301,"Census Tract 13.01, Orange County, California",5465,2766,3478,2982,302,21,67,15,91,34.7,75994,94358
1400000US06059001303,"Census Tract 13.03, Orange County, California",5170,2660,3791,2692,710,59,39,64,227,29,91515,98690
1400000US06059001304,"Census Tract 13.04, Orange County, California",2947,1486,1624,1301,216,0,40,0,67,26.3,71066,71280
1400000US06059001401,"Census Tract 14.01, Orange County, California",3586,1915,2031,1522,148,113,24,69,155,29.5,72941,94580
1400000US06059001402,"Census Tract 14.02, Orange County, California",3652,1924,2447,1985,238,37,24,21,142,27,86115,105081
1400000US06059001403,"Census Tract 14.03, Orange County, California",3286,1712,2147,1675,117,73,7,0,275,32.7,125583,129410
1400000US06059001404,"Census Tract 14.04, Orange County, California",3206,1656,2050,1515,347,45,33,8,102,31.9,63977,91696
1400000US06059001501,"Census Tract 15.01, Orange County, California",4861,2648,2541,2006,263,18,47,46,161,32.5,98693,111494
1400000US06059001503,"Census Tract 15.03, Orange County, California",4027,2115,2290,1962,88,0,50,15,175,30.3,92946,122009
1400000US06059001504,"Census Tract 15.04, Orange County, California",3673,1858,2216,1567,367,72,24,36,150,31.8,77589,89698
1400000US06059001505,"Census Tract 15.05, Orange County, California",5700,3105,3770,3118,345,32,1,77,197,35.6,126753,145548
1400000US06059001506,"Census Tract 15.06, Orange County, California",3411,1869,1816,1471,116,11,12,39,167,33.4,86776,116880
1400000US06059001507,"Census Tract 15.07, Orange County, California",3893,2218,2807,2181,345,0,90,0,191,34.6,84028,97364
1400000US06059001602,"Census Tract 16.02, Orange County, California",3853,2044,2098,1730,101,51,11,10,195,31.4,141813,202439
1400000US06059001603,"Census Tract 16.03, Orange County, California",3087,1732,1340,1192,68,8,0,0,72,33.3,98438,125538
1400000US06059001604,"Census Tract 16.04, Orange County, California",3606,1989,2138,1759,101,34,149,13,82,22.9,144254,150082
1400000US06059001704,"Census Tract 17.04, Orange County, California",6278,3222,3629,2783,505,91,0,22,228,35.7,121886,144608
1400000US06059001705,"Census Tract 17.05, Orange County, California",3403,1836,2019,1503,327,10,16,67,96,29.3,102767,110543
1400000US06059001706,"Census Tract 17.06, Orange County, California",3509,1948,1715,1426,108,16,19,0,146,32.4,171058,198509
1400000US06059001708,"Census Tract 17.08, Orange County, California",3471,1941,1603,1325,103,16,2,34,123,34.5,87880,116438
1400000US06059001709,"Census Tract 17.09, Orange County, California",2584,1263,1409,1176,212,0,0,21,0,35.5,131627,143942
1400000US06059001710,"Census Tract 17.10, Orange County, California",4308,2111,2542,1915,404,18,0,0,205,32.5,170490,183073
1400000US06059001801,"Census Tract 18.01, Orange County, California",4177,2026,2559,1841,396,158,57,49,58,26.3,54750,65149
1400000US06059001802,"Census Tract 18.02, Orange County, California",5552,2884,3680,2623,813,40,43,54,107,31.8,55144,72854
1400000US06059001901,"Census Tract 19.01, Orange County, California",2264,1148,1521,1340,91,31,7,4,48,31,96250,104728
1400000US06059001902,"Census Tract 19.02, Orange County, California",2567,1211,1481,787,503,36,28,0,127,27,76250,93550
1400000US06059001903,"Census Tract 19.03, Orange County, California",2353,1237,1391,1170,192,11,0,4,14,29.8,86685,92637
1400000US06059011000,"Census Tract 110, Orange County, California",5307,2670,2948,2074,390,211,36,17,220,34.8,76505,130450
1400000US06059011101,"Census Tract 111.01, Orange County, California",3212,1557,2169,1706,233,20,30,69,111,28,81269,109930
1400000US06059011102,"Census Tract 111.02, Orange County, California",3531,1797,1981,1424,263,31,33,25,205,29,98194,110171
1400000US06059011200,"Census Tract 112, Orange County, California",3630,1835,1947,1458,215,75,32,80,87,34,78085,97719
1400000US06059011300,"Census Tract 113, Orange County, California",3881,1857,2467,1932,219,55,14,43,204,31.8,84904,94905
1400000US06059011401,"Census Tract 114.01, Orange County, California",1662,825,1016,761,87,18,49,49,52,22.3,92375,132223
1400000US06059011402,"Census Tract 114.02, Orange County, California",2501,1280,1523,1101,99,46,26,18,233,26,120625,161907
1400000US06059011403,"Census Tract 114.03, Orange County, California",4909,2247,3096,2251,419,77,72,106,171,25.1,73430,93289
1400000US06059011502,"Census Tract 115.02, Orange County, California",4405,2117,2392,1992,92,39,85,17,167,29.6,78500,92497
1400000US06059011503,"Census Tract 115.03, Orange County, California",1550,765,802,516,66,92,33,24,71,28.3,101800,112673
1400000US06059011504,"Census Tract 115.04, Orange County, California",4700,2778,2688,2022,86,13,459,36,72,25.9,51500,58060
1400000US06059011601,"Census Tract 116.01, Orange County, California",5573,2929,3225,2362,386,258,73,54,92,35,51327,61742
1400000US06059011602,"Census Tract 116.02, Orange County, California",4375,2318,2681,1967,458,110,69,26,51,30.1,59347,75614
1400000US06059011707,"Census Tract 117.07, Orange County, California",5073,2471,3122,2437,302,28,173,55,127,29.7,77738,144369
1400000US06059011708,"Census Tract 117.08, Orange County, California",3771,1828,2274,1834,226,6,109,44,55,27.4,81736,109057
1400000US06059011709,"Census Tract 117.09, Orange County, California",3567,1876,2145,1739,171,8,17,0,210,25.9,134145,147669
1400000US06059011710,"Census Tract 117.10, Orange County, California",3112,1624,1851,1390,190,16,0,0,255,33.1,123194,128659
1400000US06059011711,"Census Tract 117.11, Orange County, California",5647,2618,3628,2737,535,98,7,125,126,27.1,64082,72168
1400000US06059011712,"Census Tract 117.12, Orange County, California",3840,2014,2579,2152,168,24,0,62,173,26.5,77888,99647
1400000US06059011714,"Census Tract 117.14, Orange County, California",637,335,515,397,64,4,0,28,22,22.3,70000,83936
1400000US06059011715,"Census Tract 117.15, Orange County, California",5462,3020,2943,2307,296,0,67,99,174,28.7,90060,113391
1400000US06059011716,"Census Tract 117.16, Orange County, California",4302,2217,2500,1870,276,37,20,24,273,29.4,147067,163504
1400000US06059011717,"Census Tract 117.17, Orange County, California",2099,1116,1250,942,148,0,29,15,116,28.4,103403,123658
1400000US06059011718,"Census Tract 117.18, Orange County, California",2460,1266,1500,1204,133,6,21,43,93,25.8,131094,132080
1400000US06059011720,"Census Tract 117.20, Orange County, California",3996,1998,2272,1762,341,56,44,34,35,25.5,44116,53781
1400000US06059011721,"Census Tract 117.21, Orange County, California",3891,1957,2966,2257,301,176,63,78,91,27.2,79899,82920
1400000US06059011722,"Census Tract 117.22, Orange County, California",2066,1168,1002,681,90,54,0,9,168,31.7,55909,82406
1400000US06059021802,"Census Tract 218.02, Orange County, California",5716,3252,3150,2611,207,37,0,0,295,35,102031,134158
1400000US06059021807,"Census Tract 218.07, Orange County, California",3596,1774,2428,1900,166,45,13,28,276,32,108064,121700
1400000US06059021809,"Census Tract 218.09, Orange County, California",2687,1345,1691,1361,194,2,12,0,122,25.1,134458,146082
1400000US06059021810,"Census Tract 218.10, Orange County, California",2952,1543,1800,1278,94,60,0,28,340,33.1,111063,133970
1400000US06059021812,"Census Tract 218.12, Orange County, California",4982,2507,3733,3366,30,19,21,112,185,27.3,133494,148875
1400000US06059021813,"Census Tract 218.13, Orange County, California",3,3,3,0,0,0,3,0,0,N,-,N
1400000US06059021814,"Census Tract 218.14, Orange County, California",6425,3433,3917,3066,422,34,135,0,260,31,108462,121748
1400000US06059021816,"Census Tract 218.16, Orange County, California",4323,2149,2512,2069,117,9,1,16,300,30.4,112839,133464
1400000US06059021817,"Census Tract 218.17, Orange County, California",2695,1347,1612,1373,35,0,0,7,197,29.3,94832,117080
1400000US06059021820,"Census Tract 218.20, Orange County, California",3955,2005,2490,1943,126,0,17,50,354,28.7,149042,150671
1400000US06059021821,"Census Tract 218.21, Orange County, California",6024,2761,4583,3845,253,51,19,115,300,32.1,106406,121711
1400000US06059021822,"Census Tract 218.22, Orange County, California",7651,3853,4693,3537,196,0,1,105,854,32.2,154904,184724
1400000US06059021823,"Census Tract 218.23, Orange County, California",3351,1753,1977,1586,77,8,0,74,232,30.5,124950,164009
1400000US06059021824,"Census Tract 218.24, Orange County, California",2217,1102,1217,1010,50,0,0,6,151,30.3,172000,222888
1400000US06059021825,"Census Tract 218.25, Orange County, California",2667,1330,1493,1363,29,0,0,21,80,29,110183,206053
1400000US06059021826,"Census Tract 218.26, Orange County, California",2036,1166,1394,1169,75,14,0,9,127,35.2,78879,97241
1400000US06059021827,"Census Tract 218.27, Orange County, California",2075,1082,1291,1045,46,0,13,14,173,36.8,141438,176677
1400000US06059021828,"Census Tract 218.28, Orange County, California",3445,1762,2163,1531,137,0,36,38,421,34.3,182308,229904
1400000US06059021829,"Census Tract 218.29, Orange County, California",4008,2027,2227,1747,291,7,7,9,166,34.7,172723,204162
1400000US06059021830,"Census Tract 218.30, Orange County, California",4793,2329,2911,1982,351,15,35,30,498,31.5,154643,167666
1400000US06059021831,"Census Tract 218.31, Orange County, California",4141,2183,2608,2250,102,124,0,0,132,37.6,122172,151566
1400000US06059021832,"Census Tract 218.32, Orange County, California",4550,2234,3237,2661,268,11,47,55,195,37.5,150099,170235
1400000US06059021903,"Census Tract 219.03, Orange County, California",3371,1878,2057,1785,120,6,2,12,132,24.9,99934,128217
1400000US06059021905,"Census Tract 219.05, Orange County, California",4435,2300,2715,2316,191,12,10,9,177,27.9,124213,128546
1400000US06059021912,"Census Tract 219.12, Orange County, California",3764,1843,2350,1852,189,0,10,0,299,27.2,187083,221509
1400000US06059021913,"Census Tract 219.13, Orange County, California",6234,2929,3904,3132,236,59,174,39,264,24.3,103333,120339
1400000US06059021914,"Census Tract 219.14, Orange County, California",3275,1707,2181,1820,117,42,0,42,160,28.8,133750,141160
1400000US06059021915,"Census Tract 219.15, Orange County, California",3356,1768,1956,1552,116,5,12,0,271,25.8,126857,172407
1400000US06059021916,"Census Tract 219.16, Orange County, California",2618,1375,1343,1092,72,0,6,10,163,31.5,121339,166193
1400000US06059021917,"Census Tract 219.17, Orange County, California",2471,1331,1606,1282,207,10,29,0,78,28.4,163710,220907
1400000US06059021918,"Census Tract 219.18, Orange County, California",4033,2212,2445,1820,238,3,99,60,225,25.9,112431,134200
1400000US06059021919,"Census Tract 219.19, Orange County, California",2709,1306,1548,1166,171,0,6,42,163,30.7,135000,154920
1400000US06059021920,"Census Tract 219.20, Orange County, California",6058,3263,3882,3223,117,0,11,46,485,32.6,148140,160680
1400000US06059021921,"Census Tract 219.21, Orange County, California",3489,1758,2443,2047,139,53,48,10,146,31.8,190878,213955
1400000US06059021922,"Census Tract 219.22, Orange County, California",4178,2168,2890,2332,153,48,0,125,232,39.1,106982,120970
1400000US06059021923,"Census Tract 219.23, Orange County, California",6123,3135,4325,3534,213,19,28,27,504,29,136658,171542
1400000US06059021924,"Census Tract 219.24, Orange County, California",3512,1887,2154,1943,121,10,0,32,48,35.6,125785,132710
1400000US06059032002,"Census Tract 320.02, Orange County, California",5187,2653,3276,2681,281,23,0,32,259,28.5,144569,160063
1400000US06059032003,"Census Tract 320.03, Orange County, California",4279,2192,2480,1760,277,25,0,4,414,27.2,147305,155802
1400000US06059032011,"Census Tract 320.11, Orange County, California",1371,697,821,632,33,0,6,16,134,34.8,104773,131366
1400000US06059032012,"Census Tract 320.12, Orange County, California",2946,1409,1743,1370,75,20,13,20,245,28.6,143571,141818
1400000US06059032013,"Census Tract 320.13, Orange County, California",4521,2411,2208,1813,85,40,4,18,248,30.5,78843,133049
1400000US06059032014,"Census Tract 320.14, Orange County, California",5648,2667,3157,2308,316,236,43,88,166,24.6,65250,93131
1400000US06059032015,"Census Tract 320.15, Orange County, California",5790,3022,3410,2446,256,146,94,53,415,25.9,145110,181202
1400000US06059032020,"Census Tract 320.20, Orange County, California",5093,2362,3486,2544,388,25,62,56,411,26.5,133866,146218
1400000US06059032022,"Census Tract 320.22, Orange County, California",5190,2747,3555,2798,386,44,168,24,135,22.6,86450,95056
1400000US06059032027,"Census Tract 320.27, Orange County, California",4782,2296,3444,2870,196,17,28,19,314,24.7,108088,117486
1400000US06059032028,"Census Tract 320.28, Orange County, California",3168,1559,2343,1923,141,29,0,0,250,30.2,85028,93624
1400000US06059032029,"Census Tract 320.29, Orange County, California",3273,1780,2211,1878,146,0,0,9,178,25.5,108333,134532
1400000US06059032030,"Census Tract 320.30, Orange County, California",2968,1428,1979,1571,92,49,0,52,215,28.9,118026,137804
1400000US06059032031,"Census Tract 320.31, Orange County, California",2900,1350,1946,1423,122,16,10,102,273,27,125000,141515
1400000US06059032032,"Census Tract 320.32, Orange County, California",2336,1169,1426,1209,87,0,4,0,126,25.8,124231,138778
1400000US06059032033,"Census Tract 320.33, Orange County, California",3057,1678,2177,1717,311,7,0,19,123,26.4,109879,116542
1400000US06059032034,"Census Tract 320.34, Orange County, California",4277,2135,2595,2204,85,0,0,29,277,33.5,167132,191564
1400000US06059032035,"Census Tract 320.35, Orange County, California",2116,1235,999,776,39,15,3,26,140,27.1,110833,165978
1400000US06059032036,"Census Tract 320.36, Orange County, California",2722,1422,1622,1326,53,0,0,7,236,25.5,131599,138430
1400000US06059032037,"Census Tract 320.37, Orange County, California",5479,2940,2165,1325,18,0,0,27,795,34.4,98534,146911
1400000US06059032038,"Census Tract 320.38, Orange County, California",5177,2500,3074,2165,271,15,100,21,502,32.5,135255,168917
1400000US06059032039,"Census Tract 320.39, Orange County, California",5170,2423,3357,2743,302,0,0,59,253,25.6,132375,154302
1400000US06059032040,"Census Tract 320.40, Orange County, California",2102,1029,1085,932,52,5,0,10,86,26.5,127250,139386
1400000US06059032041,"Census Tract 320.41, Orange County, California",794,424,473,320,22,2,24,4,101,35.9,114318,130299
1400000US06059032042,"Census Tract 320.42, Orange County, California",4983,2529,3593,2720,142,0,0,41,690,29.7,172222,197824
1400000US06059032043,"Census Tract 320.43, Orange County, California",2644,1293,1560,1133,20,18,5,22,362,32.7,213516,260254
1400000US06059032044,"Census Tract 320.44, Orange County, California",4726,2358,2812,1919,151,0,0,72,670,30,223105,267704
1400000US06059032045,"Census Tract 320.45, Orange County, California",2976,1526,2166,1838,65,12,12,27,212,31.1,175625,197988
1400000US06059032046,"Census Tract 320.46, Orange County, California",5007,2322,3193,2115,166,6,88,8,810,32,212500,311414
1400000US06059032047,"Census Tract 320.47, Orange County, California",3788,1887,3059,2629,121,34,22,21,232,26.6,91792,94949
1400000US06059032048,"Census Tract 320.48, Orange County, California",4538,2340,2474,2015,238,0,0,31,190,30.8,135531,148125
1400000US06059032049,"Census Tract 320.49, Orange County, California",8301,3718,5944,4302,591,33,27,75,916,30.3,156597,179123
1400000US06059032050,"Census Tract 320.50, Orange County, California",3896,2025,2779,2316,315,0,36,15,97,28,138486,142991
1400000US06059032051,"Census Tract 320.51, Orange County, California",3438,1967,2615,2051,211,33,30,0,290,30,78750,99730
1400000US06059032053,"Census Tract 320.53, Orange County, California",6890,3527,4606,3532,533,0,73,41,427,29.1,127077,153819
1400000US06059032054,"Census Tract 320.54, Orange County, California",4062,2337,2664,2139,284,0,56,0,185,24.2,71719,87991
1400000US06059032055,"Census Tract 320.55, Orange County, California",2838,1408,2056,1613,114,0,33,15,281,24.7,97813,108530
1400000US06059032057,"Census Tract 320.57, Orange County, California",5439,2941,3588,2618,99,45,92,95,639,25.4,156719,198673
1400000US06059032058,"Census Tract 320.58, Orange County, California",4555,2275,3027,2229,153,0,0,9,636,36.1,192132,278645
1400000US06059032059,"Census Tract 320.59, Orange County, California",6007,3121,4210,3113,628,0,0,37,432,32.8,162298,174074
1400000US06059032061,"Census Tract 320.61, Orange County, California",4839,2683,2436,1813,177,0,21,30,395,28.4,138870,205236
1400000US06059032062,"Census Tract 320.62, Orange County, California",2582,1325,1652,1282,33,35,0,54,248,29.5,188724,252648
1400000US06059032063,"Census Tract 320.63, Orange County, California",5509,2806,3506,2603,191,0,0,0,712,30.4,161167,186848
1400000US06059032064,"Census Tract 320.64, Orange County, California",2211,1193,1340,1163,63,0,31,0,83,22.9,171198,186175
1400000US06059032065,"Census Tract 320.65, Orange County, California",4142,2058,2879,2313,71,12,0,51,432,31.2,177239,192954
1400000US06059032066,"Census Tract 320.66, Orange County, California",3939,2393,2501,1628,180,0,45,28,620,33.3,147742,170904
1400000US06059042106,"Census Tract 421.06, Orange County, California",1670,907,872,565,118,8,11,2,168,36.9,128306,206924
1400000US06059042107,"Census Tract 421.07, Orange County, California",2660,1386,1640,1214,184,44,67,0,131,24.2,63438,95849
1400000US06059042108,"Census Tract 421.08, Orange County, California",4669,2391,2856,2089,252,63,105,56,291,25.3,81074,97593
1400000US06059042109,"Census Tract 421.09, Orange County, California",3947,2100,2382,1667,265,1,20,88,341,30.7,87133,115233
1400000US06059042111,"Census Tract 421.11, Orange County, California",4758,2578,2501,1887,48,3,15,47,501,32,139300,168414
1400000US06059042112,"Census Tract 421.12, Orange County, California",6027,2790,3646,2928,196,0,0,40,482,34.4,152727,188958
1400000US06059042113,"Census Tract 421.13, Orange County, California",4072,2151,2171,1717,84,0,15,13,342,29.1,115648,158446
1400000US06059042114,"Census Tract 421.14, Orange County, California",3034,1657,2041,1486,133,36,23,10,353,31.3,101327,134814
1400000US06059042115,"Census Tract 421.15, Orange County, California",1072,572,417,298,24,0,1,0,94,20.2,68839,187262
1400000US06059042116,"Census Tract 421.16, Orange County, California",5433,2849,3580,2669,13,55,57,23,763,28.7,112458,178112
1400000US06059042201,"Census Tract 422.01, Orange County, California",4354,2327,2429,1625,139,28,0,239,398,25.2,92092,125758
1400000US06059042203,"Census Tract 422.03, Orange County, California",7523,4384,4301,3105,286,0,109,105,696,29.2,115273,195235
1400000US06059042205,"Census Tract 422.05, Orange County, California",5180,2281,3150,2110,348,0,0,17,675,31.9,134844,163503
1400000US06059042206,"Census Tract 422.06, Orange County, California",3295,1841,1681,1331,70,0,0,4,276,31.6,81989,104863
1400000US06059042305,"Census Tract 423.05, Orange County, California",3075,1575,1558,1197,73,0,35,7,246,32,197500,290913
1400000US06059042307,"Census Tract 423.07, Orange County, California",5566,3080,3464,2890,297,35,0,17,225,25.9,122080,151012
1400000US06059042311,"Census Tract 423.11, Orange County, California",5592,2772,2994,2011,136,72,7,88,680,25,102492,175897
1400000US06059042312,"Census Tract 423.12, Orange County, California",6645,3409,4385,3129,480,226,161,93,296,23.5,83478,96687
1400000US06059042313,"Census Tract 423.13, Orange County, California",5067,2411,3362,2622,153,98,0,73,416,28.2,75017,94877
1400000US06059042315,"Census Tract 423.15, Orange County, California",5104,2610,3326,2541,226,0,34,16,509,30,108736,125399
1400000US06059042317,"Census Tract 423.17, Orange County, California",2915,1519,1706,1289,61,69,50,20,217,27.5,141250,187864
1400000US06059042319,"Census Tract 423.19, Orange County, California",3228,1726,1586,1185,138,0,8,9,246,27.8,122270,163160
1400000US06059042320,"Census Tract 423.20, Orange County, California",5218,2805,3970,2964,221,74,41,15,655,21,86115,98424
1400000US06059042323,"Census Tract 423.23, Orange County, California",4364,2189,2300,1666,140,14,17,20,443,28.9,124125,189902
1400000US06059042324,"Census Tract 423.24, Orange County, California",3968,2109,2098,1472,169,69,39,0,349,26.6,122931,178133
1400000US06059042325,"Census Tract 423.25, Orange County, California",3129,1492,1841,1514,105,24,0,8,190,32.3,123216,181423
1400000US06059042326,"Census Tract 423.26, Orange County, California",3777,1892,2361,1921,76,8,28,52,276,34.1,128407,178167
1400000US06059042327,"Census Tract 423.27, Orange County, California",4116,2293,2192,1649,271,28,6,18,220,30.5,107039,132362
1400000US06059042328,"Census Tract 423.28, Orange County, California",2209,1182,1185,861,39,22,0,0,263,29.5,205417,275378
1400000US06059042329,"Census Tract 423.29, Orange County, California",3435,1796,1809,1263,251,0,0,35,260,31.9,100000,133243
1400000US06059042330,"Census Tract 423.30, Orange County, California",4930,2750,3315,2433,276,0,55,23,528,26.5,107218,140919
1400000US06059042331,"Census Tract 423.31, Orange County, California",4900,2687,3351,2226,261,46,197,109,512,26.5,82467,115463
1400000US06059042332,"Census Tract 423.32, Orange County, California",4798,2394,2915,2334,97,0,128,78,278,35.2,162375,260498
1400000US06059042333,"Census Tract 423.33, Orange County, California",3513,1816,2133,1517,254,32,14,14,302,28.4,180771,265214
1400000US06059042334,"Census Tract 423.34, Orange County, California",4406,2453,2409,1970,243,0,0,0,196,23.1,81875,116576
1400000US06059042335,"Census Tract 423.35, Orange County, California",4961,2719,3131,2632,159,0,41,0,299,25.1,120950,133496
1400000US06059042336,"Census Tract 423.36, Orange County, California",3028,1515,1913,1473,110,6,10,39,275,29.5,155331,180732
1400000US06059042337,"Census Tract 423.37, Orange County, California",2952,1494,1762,1172,69,0,10,124,387,29.8,157361,189271
1400000US06059042338,"Census Tract 423.38, Orange County, California",3983,1994,2522,1679,110,0,111,60,562,27.3,110395,144172
1400000US06059042339,"Census Tract 423.39, Orange County, California",3004,1637,1875,1329,129,72,21,32,292,32.7,104219,163975
1400000US06059042340,"Census Tract 423.40, Orange County, California",2017,1159,1078,1037,21,0,20,0,0,23,39099,54494
1400000US06059042341,"Census Tract 423.41, Orange County, California",4614,2318,2618,2076,140,0,48,30,324,22.9,89598,96631
1400000US06059052408,"Census Tract 524.08, Orange County, California",4956,2485,3278,2593,348,36,0,0,301,23.1,151237,165146
1400000US06059052410,"Census Tract 524.10, Orange County, California",4595,2726,2578,2081,104,40,0,45,308,24,92101,135663
1400000US06059052411,"Census Tract 524.11, Orange County, California",4287,2091,2598,2217,76,38,7,93,167,24,115188,117759
1400000US06059052415,"Census Tract 524.15, Orange County, California",3391,1738,1936,1513,114,0,0,14,295,24.5,153958,175145
1400000US06059052416,"Census Tract 524.16, Orange County, California",3595,1984,2354,1876,94,74,0,20,290,24,123577,146609
1400000US06059052417,"Census Tract 524.17, Orange County, California",5410,3057,2970,2218,59,15,0,29,649,22.8,122813,172943
1400000US06059052419,"Census Tract 524.19, Orange County, California",2656,1440,1908,1525,117,11,12,25,218,27.9,199219,204317
1400000US06059052421,"Census Tract 524.21, Orange County, California",6042,3225,3771,2736,351,11,0,63,610,24.3,127759,167836
1400000US06059052422,"Census Tract 524.22, Orange County, California",8105,4259,5588,4355,332,193,161,121,426,24.9,124741,148721
1400000US06059052423,"Census Tract 524.23, Orange County, California",4366,2235,3031,2273,472,0,28,63,195,26.5,94596,128770
1400000US06059052424,"Census Tract 524.24, Orange County, California",4167,2336,2655,2028,193,9,0,34,391,29.2,85164,104487
1400000US06059052425,"Census Tract 524.25, Orange County, California",5030,2653,3154,2158,529,90,0,6,371,25.4,86788,93102
1400000US06059052427,"Census Tract 524.27, Orange County, California",4227,2158,3227,2606,99,29,6,38,449,25.3,150428,158326
1400000US06059052428,"Census Tract 524.28, Orange County, California",4627,2435,3453,2766,258,0,0,0,429,29.1,153500,175372
1400000US06059052429,"Census Tract 524.29, Orange County, California",5846,3035,3370,2722,286,9,0,0,353,29.8,96703,122146
1400000US06059052430,"Census Tract 524.30, Orange County, California",11241,5786,7622,5673,486,0,43,238,1182,31.3,159492,184910
1400000US06059052431,"Census Tract 524.31, Orange County, California",3241,1579,2210,1709,49,0,31,37,384,32,150693,176638
1400000US06059052432,"Census Tract 524.32, Orange County, California",5141,2490,3407,2557,269,0,132,95,354,25.5,108555,138540
1400000US06059052433,"Census Tract 524.33, Orange County, California",9953,4843,6553,4681,714,22,10,219,907,23.8,96420,117249
1400000US06059052434,"Census Tract 524.34, Orange County, California",4261,2159,2724,2235,124,0,0,36,329,22.9,149939,190792
1400000US06059052435,"Census Tract 524.35, Orange County, California",3842,2059,2369,1891,104,30,0,88,256,32.2,98198,111288
1400000US06059052436,"Census Tract 524.36, Orange County, California",4050,2234,2698,2203,103,68,0,0,324,31.9,162067,178257
1400000US06059052437,"Census Tract 524.37, Orange County, California",3002,1541,1974,1536,146,0,0,52,240,31.7,96524,171216
1400000US06059052438,"Census Tract 524.38, Orange County, California",3169,1388,2053,1626,178,25,104,0,120,26.1,134200,143761
1400000US06059052439,"Census Tract 524.39, Orange County, California",4004,1875,2453,1594,404,0,0,39,416,36,143250,174853
1400000US06059052502,"Census Tract 525.02, Orange County, California",4853,2499,2915,2338,211,22,13,18,313,24.1,116083,140395
1400000US06059052505,"Census Tract 525.05, Orange County, California",3980,2045,2058,1571,61,38,116,25,247,22.8,71223,89429
1400000US06059052506,"Census Tract 525.06, Orange County, California",2227,1105,1115,812,108,0,21,39,135,20.5,117083,138759
1400000US06059052511,"Census Tract 525.11, Orange County, California",4960,2821,3057,2309,188,22,1,9,528,22.7,122160,147680
1400000US06059052513,"Census Tract 525.13, Orange County, California",4199,2125,2059,1700,91,0,14,16,238,21.1,103135,131268
1400000US06059052514,"Census Tract 525.14, Orange County, California",4562,2580,2773,2074,270,25,25,83,296,26.4,108627,136509
1400000US06059052518,"Census Tract 525.18, Orange County, California",5795,2528,4012,2579,448,81,388,109,407,20.8,90709,98769
1400000US06059052519,"Census Tract 525.19, Orange County, California",3352,1860,2092,1611,297,8,13,33,130,28.2,92344,122774
1400000US06059052520,"Census Tract 525.20, Orange County, California",2676,1277,1523,1128,83,0,35,16,261,24.1,103947,136317
1400000US06059052521,"Census Tract 525.21, Orange County, California",4339,2107,3084,2355,107,76,62,161,323,21,89103,95443
1400000US06059052522,"Census Tract 525.22, Orange County, California",3160,1692,1951,1513,135,62,9,70,162,27.6,132139,140490
1400000US06059052523,"Census Tract 525.23, Orange County, California",3377,1737,2118,1635,146,14,43,47,233,23.5,124286,144876
1400000US06059052524,"Census Tract 525.24, Orange County, California",6011,3135,4559,3612,333,0,78,79,457,23.6,112014,158846
1400000US06059052526,"Census Tract 525.26, Orange County, California",3909,1768,2248,1618,294,0,31,39,266,21.7,107813,132794
1400000US06059052527,"Census Tract 525.27, Orange County, California",6528,3214,4000,3014,319,65,40,34,528,29.3,135097,152671
1400000US06059052528,"Census Tract 525.28, Orange County, California",3310,1728,1921,1502,28,60,78,69,184,23.9,144167,157930
1400000US06059052529,"Census Tract 525.29, Orange County, California",2245,1252,1242,1082,92,9,0,0,59,28.2,180625,189252
1400000US06059052530,"Census Tract 525.30, Orange County, California",4550,2359,2877,1796,268,0,37,98,678,26.9,125370,143265
1400000US06059052531,"Census Tract 525.31, Orange County, California",3430,1692,2190,1581,156,0,89,0,364,23.5,120029,188561
1400000US06059052532,"Census Tract 525.32, Orange County, California",4313,2150,2657,2122,201,23,41,0,270,22.1,94653,153544
1400000US06059052533,"Census Tract 525.33, Orange County, California",5408,2762,2885,1796,239,0,38,29,783,24.4,103077,132224
1400000US06059052534,"Census Tract 525.34, Orange County, California",2088,1095,1132,921,123,0,0,26,62,20.3,58244,66603
1400000US06059052535,"Census Tract 525.35, Orange County, California",3929,2423,2588,1976,238,24,63,86,201,33.3,95686,116660
1400000US06059062605,"Census Tract 626.05, Orange County, California",2520,1150,1588,1118,26,20,79,26,319,29.9,83109,124061
1400000US06059062610,"Census Tract 626.10, Orange County, California",9947,4851,5995,4631,450,70,145,104,595,22.1,73923,109717
1400000US06059062611,"Census Tract 626.11, Orange County, California",3855,1962,2045,1222,168,121,56,219,259,24,54758,77089
1400000US06059062614,"Census Tract 626.14, Orange County, California",15723,8912,6402,2028,531,303,2295,577,668,17.6,42756,91630
1400000US06059062619,"Census Tract 626.19, Orange County, California",3177,1419,1764,1222,29,10,150,9,344,24.8,120500,214903
1400000US06059062620,"Census Tract 626.20, Orange County, California",4119,1899,2354,1276,187,26,86,47,732,26.8,153269,210462
1400000US06059062622,"Census Tract 626.22, Orange County, California",3878,2400,928,796,15,0,47,37,33,21.5,43976,57270
1400000US06059062625,"Census Tract 626.25, Orange County, California",3707,2232,1784,1247,343,0,68,35,91,19.7,55074,88610
1400000US06059062626,"Census Tract 626.26, Orange County, California",2564,1426,1120,501,91,0,415,42,71,18.3,22639,52450
1400000US06059062627,"Census Tract 626.27, Orange County, California",3674,1941,1591,959,37,21,323,57,194,26.2,60521,76949
1400000US06059062628,"Census Tract 626.28, Orange County, California",3152,1730,1422,852,115,45,127,120,163,27.9,80000,131430
1400000US06059062629,"Census Tract 626.29, Orange County, California",1740,871,840,619,46,12,0,0,163,27.2,132353,169087
1400000US06059062630,"Census Tract 626.30, Orange County, California",1400,707,737,580,24,13,0,8,112,26.5,111016,178368
1400000US06059062631,"Census Tract 626.31, Orange County, California",2469,1365,1306,939,61,0,33,17,256,25.7,157348,204210
1400000US06059062632,"Census Tract 626.32, Orange County, California",3438,1818,1705,1179,58,31,47,43,347,30.2,144583,259010
1400000US06059062633,"Census Tract 626.33, Orange County, California",4743,2429,3258,2365,148,48,64,40,593,29.1,194182,223398
1400000US06059062634,"Census Tract 626.34, Orange County, California",3809,1942,2767,2277,194,8,0,0,288,25.2,127750,138124
1400000US06059062635,"Census Tract 626.35, Orange County, California",3562,1839,2481,1768,180,11,27,15,480,30.5,140567,158123
1400000US06059062636,"Census Tract 626.36, Orange County, California",3068,1621,2227,1817,48,8,70,55,229,21.7,106006,114675
1400000US06059062637,"Census Tract 626.37, Orange County, California",4447,2237,3350,2446,447,0,59,20,378,29.8,108523,111335
1400000US06059062638,"Census Tract 626.38, Orange County, California",4636,2485,3246,2703,99,0,12,27,405,29.3,103818,118700
1400000US06059062639,"Census Tract 626.39, Orange County, California",5596,3112,4089,2734,390,17,59,29,860,25.6,125268,128215
1400000US06059062640,"Census Tract 626.40, Orange County, California",2749,1457,2037,1667,96,0,10,38,226,26.4,99583,116521
1400000US06059062641,"Census Tract 626.41, Orange County, California",4064,2455,2485,2023,235,40,0,55,132,25.3,90150,138325
1400000US06059062642,"Census Tract 626.42, Orange County, California",2698,1343,950,666,42,0,22,10,210,22.8,158750,230370
1400000US06059062643,"Census Tract 626.43, Orange County, California",5273,2978,2567,1860,282,0,0,20,405,29.2,203024,338515
1400000US06059062645,"Census Tract 626.45, Orange County, California",5032,2666,3065,2177,345,0,52,17,474,33.7,163036,279202
1400000US06059062646,"Census Tract 626.46, Orange County, California",3136,2114,719,533,20,0,0,71,95,21.4,43514,57415
1400000US06059062647,"Census Tract 626.47, Orange County, California",4334,2597,2224,1219,181,59,200,122,443,20.4,59846,72152
1400000US06059062648,"Census Tract 626.48, Orange County, California",2806,1800,477,329,41,0,43,8,56,17.8,48704,68050
1400000US06059062649,"Census Tract 626.49, Orange County, California",2960,1714,1017,780,24,39,31,9,134,26.1,61447,93056
1400000US06059062650,"Census Tract 626.50, Orange County, California",3913,2233,2291,1685,322,0,44,44,196,21.6,135239,195452
1400000US06059062651,"Census Tract 626.51, Orange County, California",2527,1299,1638,1262,28,17,49,102,180,18.1,84496,121408
1400000US06059062652,"Census Tract 626.52, Orange County, California",4287,2192,2579,2051,288,18,14,41,167,22.9,100269,125100
1400000US06059062653,"Census Tract 626.53, Orange County, California",4477,2120,3084,1902,319,54,9,106,694,29.5,121215,162098
1400000US06059062654,"Census Tract 626.54, Orange County, California",6226,2778,4072,2534,596,64,279,64,535,23.8,203919,215551
1400000US06059062655,"Census Tract 626.55, Orange County, California",3222,1524,2262,1705,0,0,0,128,429,33.9,"250,000+",336797
1400000US06059062656,"Census Tract 626.56, Orange County, California",3789,1625,2083,1442,167,0,0,0,474,19.9,140260,233854
1400000US06059062657,"Census Tract 626.57, Orange County, California",2719,1470,1597,932,73,0,0,42,550,22.9,163958,252754
1400000US06059062658,"Census Tract 626.58, Orange County, California",4029,2015,2226,1959,137,0,0,15,115,22.3,149453,218117
1400000US06059062701,"Census Tract 627.01, Orange County, California",2424,1366,1344,1076,0,0,40,8,220,25.6,181944,236809
1400000US06059062702,"Census Tract 627.02, Orange County, California",3581,1723,2094,1727,48,0,0,21,298,17.8,170455,296029
1400000US06059062800,"Census Tract 628, Orange County, California",4192,1978,2804,2379,13,0,0,6,406,50.1,173229,254228
1400000US06059062900,"Census Tract 629, Orange County, California",1502,702,640,420,34,0,0,26,160,25.8,169279,288094
1400000US06059063004,"Census Tract 630.04, Orange County, California",5599,3123,3435,2496,214,0,156,114,455,24.5,101445,139516
1400000US06059063005,"Census Tract 630.05, Orange County, California",1324,661,747,504,32,0,9,0,202,22.2,134470,208678
1400000US06059063006,"Census Tract 630.06, Orange County, California",2541,1511,1268,970,152,0,91,0,55,26.1,127443,212677
1400000US06059063007,"Census Tract 630.07, Orange County, California",5479,3011,3114,2450,76,12,77,16,483,19.7,137819,214090
1400000US06059063008,"Census Tract 630.08, Orange County, California",1696,1177,940,430,2,0,6,21,481,14.5,155074,209283
1400000US06059063009,"Census Tract 630.09, Orange County, California",1366,689,841,576,84,0,15,0,166,24,181250,252711
1400000US06059063010,"Census Tract 630.10, Orange County, California",5484,2731,3824,3005,118,29,18,108,546,26.4,91601,188730
1400000US06059063101,"Census Tract 631.01, Orange County, California",2636,1317,2036,1515,114,0,50,27,330,23,94347,137251
1400000US06059063102,"Census Tract 631.02, Orange County, California",5013,2550,3379,2712,146,0,26,38,457,22.8,99159,145258
1400000US06059063103,"Census Tract 631.03, Orange County, California",3079,1702,1934,1407,29,0,46,38,414,17.4,144107,202592
1400000US06059063201,"Census Tract 632.01, Orange County, California",2943,1478,2099,1527,125,36,17,80,314,23.4,86679,129510
1400000US06059063202,"Census Tract 632.02, Orange County, California",3125,1533,2128,1516,215,7,38,21,331,25.8,108900,139349
1400000US06059063301,"Census Tract 633.01, Orange County, California",2831,1445,2127,1421,60,0,0,58,588,29,109289,137301
1400000US06059063302,"Census Tract 633.02, Orange County, California",3332,1654,2365,1872,50,8,20,23,392,20.5,128024,161707
1400000US06059063400,"Census Tract 634, Orange County, California",4149,2210,2373,1740,159,7,59,39,369,22.7,138375,206228
1400000US06059063500,"Census Tract 635, Orange County, California",6153,2823,4119,3014,14,68,98,212,713,22.5,117508,180934
1400000US06059063601,"Census Tract 636.01, Orange County, California",3633,1780,2513,1928,75,15,0,91,404,22.8,125455,152406
1400000US06059063603,"Census Tract 636.03, Orange County, California",4760,2287,3351,2535,217,0,44,47,508,28.6,104609,133212
1400000US06059063604,"Census Tract 636.04, Orange County, California",3136,1605,1911,1372,161,69,21,45,243,23.8,58482,77776
1400000US06059063605,"Census Tract 636.05, Orange County, California",4064,1810,2717,1841,210,222,34,118,292,24.3,71150,149106
1400000US06059063701,"Census Tract 637.01, Orange County, California",4872,2410,3175,2171,612,18,153,105,116,23.1,53398,70817
1400000US06059063702,"Census Tract 637.02, Orange County, California",4968,2223,3456,2270,339,48,299,103,397,23.2,71463,85361
1400000US06059063802,"Census Tract 638.02, Orange County, California",2534,1273,1429,1031,144,0,40,15,199,17.8,128708,177988
1400000US06059063803,"Census Tract 638.03, Orange County, California",3391,1729,2353,1917,55,8,25,57,291,22.5,105931,131503
1400000US06059063805,"Census Tract 638.05, Orange County, California",2087,1083,1222,843,103,43,38,53,142,27.2,114375,136593
1400000US06059063806,"Census Tract 638.06, Orange County, California",2697,1391,1756,1223,143,7,53,90,240,26.1,106905,162065
1400000US06059063807,"Census Tract 638.07, Orange County, California",4247,1996,2631,1722,118,203,104,68,416,22.3,71685,91410
1400000US06059063808,"Census Tract 638.08, Orange County, California",4216,2094,3049,1905,558,169,89,267,61,24,65202,82761
1400000US06059063902,"Census Tract 639.02, Orange County, California",6033,2798,4299,3349,218,48,105,261,318,20.9,91884,104304
1400000US06059063903,"Census Tract 639.03, Orange County, California",3114,1613,1970,1470,197,0,46,116,141,22.8,116607,131083
1400000US06059063904,"Census Tract 639.04, Orange County, California",3487,1592,1960,1480,182,85,15,101,97,23.6,78782,115842
1400000US06059063905,"Census Tract 639.05, Orange County, California",3443,1832,2357,1759,148,26,45,122,257,20.7,81288,113426
1400000US06059063906,"Census Tract 639.06, Orange County, California",6117,3184,4242,3554,332,24,98,2,232,21.4,86552,103485
1400000US06059063908,"Census Tract 639.08, Orange County, California",5269,2508,3953,2956,240,99,50,155,453,20.5,90331,95804
1400000US06059063909,"Census Tract 639.09, Orange County, California",3094,1806,2440,1481,298,93,127,54,387,21.7,93600,97418
1400000US06059063910,"Census Tract 639.10, Orange County, California",3818,1935,2575,2227,100,0,0,99,149,24.4,114617,128088
1400000US06059074003,"Census Tract 740.03, Orange County, California",3191,1522,2152,1632,235,0,59,63,163,21.9,92849,108605
1400000US06059074004,"Census Tract 740.04, Orange County, California",6503,3048,4610,3447,512,88,110,109,344,19.8,86595,99362
1400000US06059074005,"Census Tract 740.05, Orange County, California",6341,3127,3606,2976,370,122,91,24,23,22.3,93333,113061
1400000US06059074006,"Census Tract 740.06, Orange County, California",4902,2436,3320,2237,357,225,216,50,235,19.6,68750,74934
1400000US06059074102,"Census Tract 741.02, Orange County, California",5396,2610,3462,2592,505,88,29,32,216,23.7,92643,104904
1400000US06059074103,"Census Tract 741.03, Orange County, California",4553,2369,3084,2097,316,289,12,4,366,29.3,101356,103619
1400000US06059074106,"Census Tract 741.06, Orange County, California",5463,2937,3673,2908,484,72,85,48,76,24.8,74972,91044
1400000US06059074107,"Census Tract 741.07, Orange County, California",5270,2570,4147,3188,149,56,131,244,379,27.6,91453,104393
1400000US06059074108,"Census Tract 741.08, Orange County, California",4224,2145,2721,2014,335,125,26,119,102,23.4,83712,109893
1400000US06059074109,"Census Tract 741.09, Orange County, California",2574,1325,1807,1417,291,7,0,42,50,22.5,79444,100245
1400000US06059074110,"Census Tract 741.10, Orange County, California",3291,1468,1895,1499,237,0,7,7,145,26,100806,121456
1400000US06059074111,"Census Tract 741.11, Orange County, California",4977,2450,3046,2350,293,22,75,128,178,22.6,97098,109539
1400000US06059074200,"Census Tract 742, Orange County, California",7693,3445,5039,3710,564,323,1,87,354,23,91071,98005
1400000US06059074300,"Census Tract 743, Orange County, California",3218,1542,2182,1684,232,76,20,65,105,24.4,78345,100265
1400000US06059074403,"Census Tract 744.03, Orange County, California",4172,2325,2928,1804,605,220,179,20,100,24.2,50404,62990
1400000US06059074405,"Census Tract 744.05, Orange County, California",4767,2454,3079,2406,288,91,75,5,214,24,47425,61682
1400000US06059074406,"Census Tract 744.06, Orange County, California",2719,1204,1577,1182,347,0,8,35,5,23.8,54948,80042
1400000US06059074407,"Census Tract 744.07, Orange County, California",4448,2308,2812,2235,433,7,47,15,75,24.1,50969,61462
1400000US06059074408,"Census Tract 744.08, Orange County, California",4089,1960,2469,1682,622,42,43,17,63,25.4,54988,61349
1400000US06059074501,"Census Tract 745.01, Orange County, California",4883,2428,3210,2214,510,164,71,177,74,25.1,41745,65896
1400000US06059074502,"Census Tract 745.02, Orange County, California",4268,2306,2444,2013,167,104,16,81,63,28.3,57788,74149
1400000US06059074601,"Census Tract 746.01, Orange County, California",6546,3356,4095,2945,572,277,84,28,189,33.9,95028,88575
1400000US06059074602,"Census Tract 746.02, Orange County, California",6257,2990,4039,2957,676,171,54,18,163,23.6,69872,86957
1400000US06059074701,"Census Tract 747.01, Orange County, California",5691,2618,3490,2549,605,121,27,100,88,25.2,76354,89084
1400000US06059074702,"Census Tract 747.02, Orange County, California",5171,2509,3329,2656,418,70,13,16,156,23.4,97632,101491
1400000US06059074801,"Census Tract 748.01, Orange County, California",4872,2172,2682,1871,544,94,38,74,61,26.2,71100,91460
1400000US06059074802,"Census Tract 748.02, Orange County, California",4392,2025,2891,1899,533,72,168,180,39,28,58088,80017
1400000US06059074803,"Census Tract 748.03, Orange County, California",7372,3549,4615,3122,1000,236,52,81,124,25.5,82558,99374
1400000US06059074805,"Census Tract 748.05, Orange County, California",3246,1625,2255,1556,375,215,69,30,10,25.9,57315,67042
1400000US06059074806,"Census Tract 748.06, Orange County, California",4092,1872,2344,1686,253,156,40,21,188,27.4,68157,81231
1400000US06059074901,"Census Tract 749.01, Orange County, California",7130,3505,4188,2807,573,336,156,160,156,26,53713,67005
1400000US06059074902,"Census Tract 749.02, Orange County, California",5215,2321,3334,2172,596,354,96,62,54,26.9,62329,76358
1400000US06059075002,"Census Tract 750.02, Orange County, California",6466,3299,3664,2157,860,284,231,22,110,26.9,38190,57634
1400000US06059075003,"Census Tract 750.03, Orange County, California",4876,2327,3095,1778,610,326,175,97,109,27.6,40183,49134
1400000US06059075004,"Census Tract 750.04, Orange County, California",3417,1632,2066,1264,419,209,109,52,13,26.9,45288,54958
1400000US06059075100,"Census Tract 751, Orange County, California",8271,3575,3825,2661,727,76,108,131,122,26.5,69333,90002
1400000US06059075201,"Census Tract 752.01, Orange County, California",4202,2018,2651,1992,324,194,77,11,53,28.3,58396,74457
1400000US06059075202,"Census Tract 752.02, Orange County, California",4951,2727,3071,2145,682,108,49,17,70,26.2,85288,103457
1400000US06059075301,"Census Tract 753.01, Orange County, California",4399,2159,2678,2143,237,61,8,21,208,30.9,76147,97528
1400000US06059075302,"Census Tract 753.02, Orange County, California",3795,1933,2327,1650,308,113,45,3,208,24.2,80750,107730
1400000US06059075303,"Census Tract 753.03, Orange County, California",3048,1563,1980,1660,215,8,21,10,66,30,123654,177526
1400000US06059075401,"Census Tract 754.01, Orange County, California",4253,1992,2520,1819,273,41,45,30,312,29.7,80651,106943
1400000US06059075403,"Census Tract 754.03, Orange County, California",6487,3235,4623,3620,322,90,0,71,520,24.4,73194,81050
1400000US06059075404,"Census Tract 754.04, Orange County, California",5845,2432,4431,3039,392,90,82,112,716,25.2,95851,99014
1400000US06059075405,"Census Tract 754.05, Orange County, California",2513,1295,1469,1019,293,5,60,0,92,23.7,75257,90530
1400000US06059075504,"Census Tract 755.04, Orange County, California",3209,1730,2235,1622,158,0,0,9,446,22.4,84732,125772
1400000US06059075505,"Census Tract 755.05, Orange County, California",2936,1529,1801,1400,203,25,50,26,97,25,71667,97068
1400000US06059075506,"Census Tract 755.06, Orange County, California",2722,1683,1576,1327,188,17,0,9,35,22.5,92888,106442
1400000US06059075507,"Census Tract 755.07, Orange County, California",4294,2140,2967,2366,238,43,66,36,218,22.9,66628,79472
1400000US06059075512,"Census Tract 755.12, Orange County, California",2751,1397,2100,1469,231,53,50,19,278,21.5,82656,104581
1400000US06059075513,"Census Tract 755.13, Orange County, California",3941,1992,2803,2019,505,31,18,128,102,21.5,76588,91504
1400000US06059075514,"Census Tract 755.14, Orange County, California",3085,1633,2167,1376,643,71,39,8,30,24.6,56375,70256
1400000US06059075516,"Census Tract 755.16, Orange County, California",6045,2903,4410,3183,132,72,427,526,70,31.5,87001,97732
1400000US06059075517,"Census Tract 755.17, Orange County, California",4154,1834,2997,2358,312,81,203,43,0,22.1,71389,82672
1400000US06059075518,"Census Tract 755.18, Orange County, California",8093,4554,4039,2955,470,34,136,76,368,26.9,98702,120503
1400000US06059075603,"Census Tract 756.03, Orange County, California",3256,1698,2228,1820,136,0,70,19,183,26.1,114583,146506
1400000US06059075604,"Census Tract 756.04, Orange County, California",6383,3077,3380,2770,138,0,0,42,430,25.8,156336,210541
1400000US06059075605,"Census Tract 756.05, Orange County, California",5054,2773,2998,2618,54,79,0,0,247,24.5,155567,210350
1400000US06059075606,"Census Tract 756.06, Orange County, California",5243,2581,2936,2426,74,4,50,0,382,24.9,211250,263526
1400000US06059075607,"Census Tract 756.07, Orange County, California",5473,2984,3780,3026,177,13,0,40,524,25.6,107070,133562
1400000US06059075701,"Census Tract 757.01, Orange County, California",5814,2852,4029,3004,411,172,21,31,390,27.7,128728,143493
1400000US06059075702,"Census Tract 757.02, Orange County, California",2904,1472,1659,1322,105,12,23,41,156,28.5,134792,169976
1400000US06059075703,"Census Tract 757.03, Orange County, California",3431,1632,2045,1607,202,0,12,10,214,23.9,163690,189623
1400000US06059075805,"Census Tract 758.05, Orange County, California",3174,1737,2082,1540,172,45,54,38,233,27.5,91862,97205
1400000US06059075806,"Census Tract 758.06, Orange County, California",4660,2255,2821,2206,487,73,22,33,0,27.5,82125,102962
1400000US06059075807,"Census Tract 758.07, Orange County, California",3785,1658,2550,2072,278,37,0,8,155,24.6,129538,201091
1400000US06059075808,"Census Tract 758.08, Orange County, California",2628,1365,1473,998,187,42,16,16,214,24.3,149375,160706
1400000US06059075809,"Census Tract 758.09, Orange County, California",2592,1413,1309,982,146,10,0,15,156,25,202928,272178
1400000US06059075810,"Census Tract 758.10, Orange County, California",2430,1252,1143,807,104,4,20,0,208,23.1,136161,198526
1400000US06059075811,"Census Tract 758.11, Orange County, California",2439,1126,1515,1162,212,33,4,6,98,32.3,73563,112977
1400000US06059075812,"Census Tract 758.12, Orange County, California",4565,2307,2839,2277,245,25,35,38,219,26,79688,108915
1400000US06059075813,"Census Tract 758.13, Orange County, California",3911,2176,2432,1934,126,36,0,89,247,29.2,128458,164933
1400000US06059075814,"Census Tract 758.14, Orange County, California",2310,1215,1439,1136,133,0,9,0,161,29.4,149464,185625
1400000US06059075815,"Census Tract 758.15, Orange County, California",4614,2184,2618,2117,288,31,33,31,118,25.6,97380,116407
1400000US06059075816,"Census Tract 758.16, Orange County, California",2307,1298,1457,1125,197,50,42,16,27,34.1,71856,98392
1400000US06059075901,"Census Tract 759.01, Orange County, California",3607,1931,2477,1915,117,57,211,16,161,27.9,78846,134063
1400000US06059075902,"Census Tract 759.02, Orange County, California",5906,2965,4070,2970,347,136,172,66,379,21.6,65990,86938
1400000US06059076001,"Census Tract 760.01, Orange County, California",6341,3432,3951,2790,498,41,185,118,319,29.9,65814,93370
1400000US06059076002,"Census Tract 760.02, Orange County, California",1021,530,543,445,9,0,43,0,46,25.9,89281,121923
1400000US06059076102,"Census Tract 761.02, Orange County, California",7491,2069,2490,1946,212,52,143,66,71,26.2,60365,77011
1400000US06059076103,"Census Tract 761.03, Orange County, California",7190,3264,4630,3697,339,108,235,100,151,27.6,61624,71745
1400000US06059076104,"Census Tract 761.04, Orange County, California",4545,2101,3701,2942,323,16,181,31,208,26.6,90000,112768
1400000US06059076105,"Census Tract 761.05, Orange County, California",3471,1892,2288,1625,347,65,48,0,203,34.4,92434,99604
1400000US06059076201,"Census Tract 762.01, Orange County, California",6397,3473,4174,2918,468,56,35,26,671,27.2,121080,128168
1400000US06059076202,"Census Tract 762.02, Orange County, California",4671,2167,3361,2794,293,73,2,68,131,30,89832,116643
1400000US06059076204,"Census Tract 762.04, Orange County, California",2707,1437,1637,1263,265,23,8,14,64,21.9,66707,98492
1400000US06059076205,"Census Tract 762.05, Orange County, California",6794,3819,3813,2543,217,17,577,77,382,22.3,98561,109474
1400000US06059076206,"Census Tract 762.06, Orange County, California",4772,2265,2555,1786,204,22,49,102,392,25.9,81806,113565
1400000US06059076208,"Census Tract 762.08, Orange County, California",4802,2286,3086,2603,208,0,75,16,184,24.1,105213,116841
1400000US06059086301,"Census Tract 863.01, Orange County, California",5400,2708,3441,2886,351,80,4,41,79,25.2,80806,94506
1400000US06059086303,"Census Tract 863.03, Orange County, California",7206,3656,4617,3765,393,240,13,17,189,31.5,76641,93711
1400000US06059086304,"Census Tract 863.04, Orange County, California",3695,1844,2465,1954,280,67,31,45,88,28,63854,79752
1400000US06059086305,"Census Tract 863.05, Orange County, California",3858,1907,2439,2090,209,12,17,49,62,25.3,104631,115673
1400000US06059086306,"Census Tract 863.06, Orange County, California",2875,1519,1765,1362,247,37,14,29,76,26.8,69041,92930
1400000US06059086402,"Census Tract 864.02, Orange County, California",5229,2290,3380,2722,301,90,114,67,86,34.5,100469,133292
1400000US06059086404,"Census Tract 864.04, Orange County, California",5451,2756,3435,2736,288,116,30,154,111,22.9,86806,95158
1400000US06059086405,"Census Tract 864.05, Orange County, California",5267,2539,3174,2455,353,167,65,8,126,23.8,78542,92184
1400000US06059086406,"Census Tract 864.06, Orange County, California",3069,1472,2202,1694,331,76,44,0,57,27.7,63103,81777
1400000US06059086407,"Census Tract 864.07, Orange County, California",4957,2563,3365,2701,114,211,14,112,213,26.9,70701,83786
1400000US06059086501,"Census Tract 865.01, Orange County, California",3278,1699,1918,1562,245,55,0,13,43,27,53682,85887
1400000US06059086502,"Census Tract 865.02, Orange County, California",4722,2179,2887,1990,599,85,94,75,44,24,62984,73586
1400000US06059086601,"Census Tract 866.01, Orange County, California",6805,3663,4192,3102,325,380,119,173,93,26.4,54071,62373
1400000US06059086602,"Census Tract 866.02, Orange County, California",4633,2700,3230,2361,434,103,165,122,45,28,65040,79253
1400000US06059086701,"Census Tract 867.01, Orange County, California",7369,4047,4542,3704,373,242,69,0,154,28.2,86922,97837
1400000US06059086702,"Census Tract 867.02, Orange County, California",6371,3135,4108,2935,719,49,140,80,185,30.3,63429,73754
1400000US06059086801,"Census Tract 868.01, Orange County, California",2747,1511,1675,1315,76,72,34,48,130,26.7,85246,88356
1400000US06059086802,"Census Tract 868.02, Orange County, California",4821,2780,2994,2295,540,0,20,0,139,28.3,92628,124509
1400000US06059086803,"Census Tract 868.03, Orange County, California",6788,3986,4012,3295,398,82,36,59,142,36.2,68173,100692
1400000US06059086901,"Census Tract 869.01, Orange County, California",6623,3290,3619,2580,632,58,128,20,201,27.6,45724,60767
1400000US06059086902,"Census Tract 869.02, Orange County, California",5269,2748,2789,1740,272,162,78,157,380,29.3,73043,84306
1400000US06059086903,"Census Tract 869.03, Orange County, California",5044,2653,3191,2458,387,102,72,5,167,29.4,66360,76735
1400000US06059087001,"Census Tract 870.01, Orange County, California",4356,2348,2662,1935,407,65,29,55,171,24.9,62368,78752
1400000US06059087002,"Census Tract 870.02, Orange County, California",6072,3124,3686,2953,241,212,103,30,147,27.8,77325,81339
1400000US06059087101,"Census Tract 871.01, Orange County, California",3863,1789,2505,1896,321,54,66,85,83,34.2,52198,82551
1400000US06059087102,"Census Tract 871.02, Orange County, California",4714,2210,3009,2322,292,165,34,134,62,35.6,64621,70942
1400000US06059087103,"Census Tract 871.03, Orange County, California",7366,3906,4171,3402,500,62,16,73,118,32.7,80797,93611
1400000US06059087105,"Census Tract 871.05, Orange County, California",4645,2115,3019,2690,241,12,0,2,74,24.1,100088,97761
1400000US06059087106,"Census Tract 871.06, Orange County, California",3807,2294,1888,1463,192,215,5,2,11,34.9,45327,61400
1400000US06059087200,"Census Tract 872, Orange County, California",6648,3567,4075,3330,301,109,15,176,144,22.6,66154,79097
1400000US06059087301,"Census Tract 873.01, Orange County, California",3194,1697,2014,1634,259,35,0,75,11,27.1,62470,63441
1400000US06059087302,"Census Tract 873.02, Orange County, California",5588,2890,3405,2395,574,204,107,0,125,30.4,70158,82922
1400000US06059087401,"Census Tract 874.01, Orange County, California",4338,2017,3219,2488,362,33,34,60,242,32.2,120375,117258
1400000US06059087403,"Census Tract 874.03, Orange County, California",2297,1070,1301,907,144,79,83,5,83,25.8,56063,65577
1400000US06059087404,"Census Tract 874.04, Orange County, California",3119,1676,2063,1527,284,125,16,59,52,28.6,57061,73381
1400000US06059087405,"Census Tract 874.05, Orange County, California",3754,2128,2204,1507,495,42,66,19,75,24.6,51763,59509
1400000US06059087503,"Census Tract 875.03, Orange County, California",4747,2316,3177,1981,729,143,129,34,161,35.6,60945,77625
1400000US06059087504,"Census Tract 875.04, Orange County, California",5360,2497,3283,2077,875,115,70,72,74,26.2,53904,66318
1400000US06059087505,"Census Tract 875.05, Orange County, California",3319,1735,1987,1356,440,60,62,0,69,26.1,56319,81599
1400000US06059087601,"Census Tract 876.01, Orange County, California",3912,1961,2484,1793,372,53,84,65,117,25.5,65280,79449
1400000US06059087602,"Census Tract 876.02, Orange County, California",7221,3697,4093,3176,579,85,20,50,183,31,81898,89862
1400000US06059087701,"Census Tract 877.01, Orange County, California",4901,2622,2801,1968,435,109,63,144,82,30.2,81625,119749
1400000US06059087703,"Census Tract 877.03, Orange County, California",4999,2759,2871,2188,385,73,11,83,131,33.6,68464,86874
1400000US06059087704,"Census Tract 877.04, Orange County, California",4613,2532,2639,1995,288,30,81,54,191,30,88104,98846
1400000US06059087801,"Census Tract 878.01, Orange County, California",3903,2102,2327,1887,275,30,0,124,11,28,73651,93114
1400000US06059087802,"Census Tract 878.02, Orange County, California",6280,3090,3676,3153,340,51,19,47,66,30.5,71285,75781
1400000US06059087803,"Census Tract 878.03, Orange County, California",4568,2317,2338,1514,398,107,46,75,198,31.7,53689,72644
1400000US06059087805,"Census Tract 878.05, Orange County, California",4940,2656,3054,2212,501,142,44,56,99,32.6,69508,88256
1400000US06059087806,"Census Tract 878.06, Orange County, California",4681,2322,2679,2293,220,75,51,12,28,30.7,59063,75917
1400000US06059087901,"Census Tract 879.01, Orange County, California",3269,1831,2159,1771,305,37,0,18,28,30.2,52045,89863
1400000US06059087902,"Census Tract 879.02, Orange County, California",3969,2142,2207,1451,576,100,11,0,69,33.4,75435,99727
1400000US06059088001,"Census Tract 880.01, Orange County, California",3663,1844,2190,1676,388,25,8,29,64,31.2,82806,99695
1400000US06059088002,"Census Tract 880.02, Orange County, California",3809,1718,2130,1366,355,57,9,24,319,26.7,71330,99627
1400000US06059088101,"Census Tract 881.01, Orange County, California",1646,870,998,721,195,19,0,21,42,28.7,77946,83908
1400000US06059088104,"Census Tract 881.04, Orange County, California",3565,1869,2156,1687,205,38,15,94,117,25.4,59766,75814
1400000US06059088105,"Census Tract 881.05, Orange County, California",3823,1765,2090,1721,161,33,0,34,141,32.3,92500,98737
1400000US06059088106,"Census Tract 881.06, Orange County, California",4398,2069,2892,2513,276,26,3,31,43,31.1,72016,88985
1400000US06059088107,"Census Tract 881.07, Orange County, California",5054,2647,2577,1964,439,63,23,25,63,32.6,53611,78429
1400000US06059088201,"Census Tract 882.01, Orange County, California",2855,1439,1462,1131,188,40,0,4,99,31.2,55240,75352
1400000US06059088202,"Census Tract 882.02, Orange County, California",3160,1672,2053,1750,156,7,6,33,101,30.6,99250,116008
1400000US06059088203,"Census Tract 882.03, Orange County, California",4215,2194,2445,1901,293,100,45,10,96,33.5,80455,94617
1400000US06059088301,"Census Tract 883.01, Orange County, California",5084,2784,2714,2200,342,0,12,63,97,28.6,72763,87899
1400000US06059088302,"Census Tract 883.02, Orange County, California",5250,2709,3502,2783,455,26,0,0,238,31.2,106607,117825
1400000US06059088401,"Census Tract 884.01, Orange County, California",4730,2369,2747,2079,391,84,11,54,128,32.1,100319,107784
1400000US06059088402,"Census Tract 884.02, Orange County, California",3576,1848,2225,1708,271,76,101,14,55,26.6,63160,76156
1400000US06059088403,"Census Tract 884.03, Orange County, California",5248,2760,3416,2632,536,43,77,32,96,28.1,81983,97168
1400000US06059088501,"Census Tract 885.01, Orange County, California",5610,2600,3568,2871,296,70,49,104,178,26.8,77899,88154
1400000US06059088502,"Census Tract 885.02, Orange County, California",4229,2021,2293,1603,422,85,0,63,120,27,74808,85329
1400000US06059088601,"Census Tract 886.01, Orange County, California",6589,3442,4704,3889,289,128,73,90,235,35,75985,92313
1400000US06059088602,"Census Tract 886.02, Orange County, California",3572,1723,2177,1703,270,24,7,33,140,27.2,71402,81351
1400000US06059088701,"Census Tract 887.01, Orange County, California",4933,2442,2717,2120,423,39,8,58,69,32,54759,75254
1400000US06059088702,"Census Tract 887.02, Orange County, California",4917,2306,2987,2536,317,60,0,0,74,29.1,80511,97772
1400000US06059088801,"Census Tract 888.01, Orange County, California",6501,3211,3813,3128,592,0,0,0,93,29.2,62273,76069
1400000US06059088802,"Census Tract 888.02, Orange County, California",4254,2113,2281,1719,317,113,47,42,43,29.4,62194,76560
1400000US06059088901,"Census Tract 889.01, Orange County, California",5873,3105,3068,2075,672,13,35,74,199,29.2,64447,79238
1400000US06059088902,"Census Tract 889.02, Orange County, California",4442,2024,2658,1813,579,0,81,5,180,24.5,81389,90497
1400000US06059088903,"Census Tract 889.03, Orange County, California",6937,3377,3819,3007,512,33,87,113,67,29,71250,89978
1400000US06059088904,"Census Tract 889.04, Orange County, California",4093,2044,2265,1760,263,0,26,29,187,25.9,54955,94318
1400000US06059088905,"Census Tract 889.05, Orange County, California",3936,2246,1875,1380,307,0,16,46,126,27.8,55128,79498
1400000US06059089001,"Census Tract 890.01, Orange County, California",5312,2437,3239,2656,419,34,8,29,93,29.7,59113,76304
1400000US06059089003,"Census Tract 890.03, Orange County, California",3457,1794,1979,1357,391,43,5,33,150,27.5,67155,74735
1400000US06059089004,"Census Tract 890.04, Orange County, California",5737,2989,3162,2163,695,146,87,11,60,26.7,51117,70028
1400000US06059089102,"Census Tract 891.02, Orange County, California",5331,2597,3529,2562,639,29,11,30,258,25,93380,89796
1400000US06059089104,"Census Tract 891.04, Orange County, California",4094,2137,2374,1723,452,129,11,0,59,27,55610,64884
1400000US06059089105,"Census Tract 891.05, Orange County, California",4713,2102,2803,2057,522,49,39,52,84,27.5,67109,82193
1400000US06059089106,"Census Tract 891.06, Orange County, California",3531,1765,2308,1697,496,61,0,25,29,27.8,61622,80311
1400000US06059089107,"Census Tract 891.07, Orange County, California",5149,2546,3507,2714,301,284,17,0,191,28.6,117853,127440
1400000US06059099202,"Census Tract 992.02, Orange County, California",6674,3324,4010,3021,599,96,30,85,179,24.7,63929,82523
1400000US06059099203,"Census Tract 992.03, Orange County, California",5145,2511,2672,2135,344,11,0,13,169,24.3,86776,97247
1400000US06059099204,"Census Tract 992.04, Orange County, California",4484,2358,2330,1875,332,25,40,0,58,25.1,73773,85517
1400000US06059099212,"Census Tract 992.12, Orange County, California",4674,2286,2731,2165,262,0,15,96,193,29.1,72169,88750
1400000US06059099214,"Census Tract 992.14, Orange County, California",2810,1506,1607,1352,37,0,13,20,185,26,86452,103067
1400000US06059099215,"Census Tract 992.15, Orange County, California",4626,2430,3004,2085,277,78,9,23,532,32.6,109219,127450
1400000US06059099216,"Census Tract 992.16, Orange County, California",3863,1914,2411,1926,73,2,21,99,290,26,94531,118554
1400000US06059099217,"Census Tract 992.17, Orange County, California",2176,1084,1329,1069,53,38,0,21,148,27.6,125703,155507
1400000US06059099220,"Census Tract 992.20, Orange County, California",5123,2779,3531,2807,385,18,0,47,274,32.1,103507,120928
1400000US06059099222,"Census Tract 992.22, Orange County, California",4130,2075,1978,1560,230,13,53,49,73,30.2,66526,87082
1400000US06059099223,"Census Tract 992.23, Orange County, California",4632,2316,2499,1744,456,37,40,66,156,28.5,64196,94847
1400000US06059099224,"Census Tract 992.24, Orange County, California",2689,1362,1388,1160,125,0,8,8,87,27.6,84833,123012
1400000US06059099225,"Census Tract 992.25, Orange County, California",3249,1818,1489,1221,198,11,0,0,59,27.6,101250,151694
1400000US06059099226,"Census Tract 992.26, Orange County, California",3433,1583,1821,1457,255,0,10,16,83,24.7,87083,109073
1400000US06059099227,"Census Tract 992.27, Orange County, California",4631,2415,2820,2336,329,5,0,32,118,26.8,77250,100095
1400000US06059099229,"Census Tract 992.29, Orange County, California",4785,2600,2729,2110,465,45,29,0,80,27.2,67833,97807
1400000US06059099230,"Census Tract 992.30, Orange County, California",3632,1971,2056,1795,163,0,24,28,46,32.3,104188,128255
1400000US06059099231,"Census Tract 992.31, Orange County, California",4228,2157,2126,1682,183,47,8,26,180,28.2,123750,141336
1400000US06059099232,"Census Tract 992.32, Orange County, California",4610,2226,2694,2143,210,0,0,19,322,27,99353,119777
1400000US06059099233,"Census Tract 992.33, Orange County, California",2687,1509,1440,1154,179,22,0,0,85,31,103125,128175
1400000US06059099234,"Census Tract 992.34, Orange County, California",3298,1689,1603,1272,66,0,0,21,244,25.4,78587,109688
1400000US06059099235,"Census Tract 992.35, Orange County, California",4996,2475,3178,2406,138,0,64,146,424,28.1,90826,119925
1400000US06059099237,"Census Tract 992.37, Orange County, California",2780,1447,1585,1284,46,7,50,63,135,24.8,132865,135126
1400000US06059099238,"Census Tract 992.38, Orange County, California",3041,1574,1547,1250,89,18,11,0,179,29.2,151125,172215
1400000US06059099239,"Census Tract 992.39, Orange County, California",3096,1511,1727,1356,146,0,0,15,210,28.4,149500,169151
1400000US06059099240,"Census Tract 992.40, Orange County, California",4437,2218,2769,2265,98,0,25,129,252,28.4,86319,107713
1400000US06059099241,"Census Tract 992.41, Orange County, California",3286,1827,2000,1648,203,1,82,26,40,29.6,78393,91432
1400000US06059099242,"Census Tract 992.42, Orange County, California",3258,1452,1952,1357,381,10,0,124,80,28.4,99031,115712
1400000US06059099243,"Census Tract 992.43, Orange County, California",3494,1758,2089,1525,207,0,8,91,258,28.3,90536,119617
1400000US06059099244,"Census Tract 992.44, Orange County, California",3148,1750,1362,1159,25,0,19,0,159,27.5,74276,115611
1400000US06059099245,"Census Tract 992.45, Orange County, California",2253,1113,1395,1196,18,13,0,0,168,24.2,126058,139256
1400000US06059099246,"Census Tract 992.46, Orange County, California",2793,1440,1441,1113,168,28,12,7,113,28,125186,137764
1400000US06059099247,"Census Tract 992.47, Orange County, California",2565,1428,1473,1235,147,11,1,25,54,28.1,67639,88287
1400000US06059099248,"Census Tract 992.48, Orange County, California",4867,2598,3142,2219,305,412,86,20,100,28.7,60769,79061
1400000US06059099249,"Census Tract 992.49, Orange County, California",2957,1433,1948,1389,371,72,13,33,70,24.3,60481,73292
1400000US06059099250,"Census Tract 992.50, Orange County, California",2857,1352,1608,1285,173,19,9,23,99,24.8,110151,109153
1400000US06059099251,"Census Tract 992.51, Orange County, California",4373,2387,2669,2097,322,19,0,18,213,27.7,74097,89105
1400000US06059099305,"Census Tract 993.05, Orange County, California",6420,3488,4712,3223,498,0,267,49,675,29.3,85145,94275
1400000US06059099306,"Census Tract 993.06, Orange County, California",4900,2458,3320,2747,97,0,0,10,466,33.2,82089,104821
1400000US06059099307,"Census Tract 993.07, Orange County, California",2199,1179,1344,946,48,8,21,142,179,29,88929,115133
1400000US06059099308,"Census Tract 993.08, Orange County, California",4825,2416,2443,2135,125,18,0,14,151,31,197181,251923
1400000US06059099309,"Census Tract 993.09, Orange County, California",3994,2141,2347,1793,199,0,26,33,296,33.3,104776,124437
1400000US06059099310,"Census Tract 993.10, Orange County, California",3605,1374,2470,1831,95,0,0,73,471,32.4,101442,141204
1400000US06059099311,"Census Tract 993.11, Orange County, California",2921,1238,1830,1468,24,12,39,29,258,31.5,102212,149733
1400000US06059099402,"Census Tract 994.02, Orange County, California",5501,2499,3666,2476,773,68,93,65,191,29,66801,88252
1400000US06059099404,"Census Tract 994.04, Orange County, California",3883,1992,2300,1739,120,36,31,66,308,31.5,124899,157146
1400000US06059099405,"Census Tract 994.05, Orange County, California",3522,1680,2387,1733,198,9,0,34,413,30.2,105794,122038
1400000US06059099406,"Census Tract 994.06, Orange County, California",4019,2090,2182,1669,191,19,21,79,203,28.1,90781,107150
1400000US06059099407,"Census Tract 994.07, Orange County, California",1917,1085,1155,953,54,5,10,28,105,29.4,108393,119694
1400000US06059099408,"Census Tract 994.08, Orange County, California",3494,1753,2096,1689,168,0,8,22,209,32.2,117250,138428
1400000US06059099410,"Census Tract 994.10, Orange County, California",3962,1971,2261,1836,170,0,108,31,116,28.7,63674,74072
1400000US06059099411,"Census Tract 994.11, Orange County, California",4651,2321,3332,2671,259,92,92,21,197,28.2,73699,86589
1400000US06059099412,"Census Tract 994.12, Orange County, California",3828,1838,2430,1904,166,8,55,8,289,31.1,81023,114429
1400000US06059099415,"Census Tract 994.15, Orange County, California",4281,2042,2397,1937,138,21,0,43,258,31.9,140144,197043
1400000US06059099416,"Census Tract 994.16, Orange County, California",5086,2669,3747,2962,297,67,77,119,225,33.3,96676,117029
1400000US06059099417,"Census Tract 994.17, Orange County, California",4269,2221,2651,2174,240,21,0,8,208,34.2,101224,144580
1400000US06059099418,"Census Tract 994.18, Orange County, California",3386,1921,1645,1289,211,0,34,0,111,28.9,40562,73128
1400000US06059099419,"Census Tract 994.19, Orange County, California",3518,1898,2274,1436,369,31,0,199,239,33.6,160607,185858
1400000US06059099502,"Census Tract 995.02, Orange County, California",459,213,308,214,49,18,20,7,0,35.7,67014,79920
1400000US06059099504,"Census Tract 995.04, Orange County, California",2705,1390,1311,860,110,0,48,31,262,29.8,120605,183373
1400000US06059099506,"Census Tract 995.06, Orange County, California",838,429,531,368,45,0,0,40,78,28.4,100303,139404
1400000US06059099508,"Census Tract 995.08, Orange County, California",4363,2269,2716,1667,253,3,79,5,709,34.3,77367,87821
1400000US06059099509,"Census Tract 995.09, Orange County, California",3132,2060,523,441,0,15,30,37,0,37.9,51790,67098
1400000US06059099510,"Census Tract 995.10, Orange County, California",4494,2945,723,562,29,57,29,12,34,36.4,38954,57194
1400000US06059099511,"Census Tract 995.11, Orange County, California",2627,1220,1773,1473,19,0,100,27,154,31.7,104539,132683
1400000US06059099512,"Census Tract 995.12, Orange County, California",2458,1230,1672,1242,45,6,9,76,294,36.2,115417,152264
1400000US06059099513,"Census Tract 995.13, Orange County, California",1616,857,968,746,77,0,0,0,145,39.3,107538,140904
1400000US06059099514,"Census Tract 995.14, Orange County, California",4824,2523,2463,1927,162,0,0,0,374,36,130437,178510
1400000US06059099601,"Census Tract 996.01, Orange County, California",5846,2917,3376,2297,421,40,94,125,399,28.2,52864,83569
1400000US06059099602,"Census Tract 996.02, Orange County, California",2332,1230,1483,1071,196,0,24,64,128,35.9,114375,110349
1400000US06059099603,"Census Tract 996.03, Orange County, California",5127,2427,3212,2765,222,0,80,63,82,31.5,118917,144372
1400000US06059099604,"Census Tract 996.04, Orange County, California",3601,1724,2089,1853,101,0,0,23,112,29.2,109063,115113
1400000US06059099605,"Census Tract 996.05, Orange County, California",4735,2227,2982,2495,140,11,43,39,254,30.9,123281,145866
1400000US06059099701,"Census Tract 997.01, Orange County, California",5586,2654,2912,2392,164,21,16,61,258,25.8,61648,80906
1400000US06059099702,"Census Tract 997.02, Orange County, California",6282,3219,3373,2357,572,44,127,13,260,27.7,56763,83058
1400000US06059099703,"Census Tract 997.03, Orange County, California",4857,2687,2904,2253,250,11,18,8,364,28.6,83947,113712
1400000US06059099801,"Census Tract 998.01, Orange County, California",5150,2391,2779,2071,325,77,39,64,203,27.2,61486,74981
1400000US06059099802,"Census Tract 998.02, Orange County, California",4023,2223,1867,1474,244,84,39,0,26,31.4,33400,45835
1400000US06059099803,"Census Tract 998.03, Orange County, California",4864,2449,2732,1982,477,50,50,94,79,26.4,52396,84202
1400000US06059099902,"Census Tract 999.02, Orange County, California",3409,1733,2019,1661,250,23,0,0,85,28,85833,103488
1400000US06059099903,"Census Tract 999.03, Orange County, California",4428,2299,2472,1970,378,24,0,30,70,28.6,76302,91491
1400000US06059099904,"Census Tract 999.04, Orange County, California",4549,2043,2514,1945,288,43,0,32,206,27.8,46250,70453
1400000US06059099905,"Census Tract 999.05, Orange County, California",3013,1417,2112,1738,188,27,0,4,155,37,79857,102324
1400000US06059099906,"Census Tract 999.06, Orange County, California",4305,2100,2342,1954,275,12,0,23,78,30.1,123438,139683
1400000US06059110001,"Census Tract 1100.01, Orange County, California",3644,1827,2493,2057,100,74,56,36,170,29.2,124735,143594
1400000US06059110003,"Census Tract 1100.03, Orange County, California",2270,1087,1287,1071,169,0,0,13,34,29.9,93309,106389
1400000US06059110004,"Census Tract 1100.04, Orange County, California",3993,1973,2566,2174,184,0,0,31,177,27.3,108711,119707
1400000US06059110005,"Census Tract 1100.05, Orange County, California",2603,1342,1385,1181,55,0,22,4,123,30.8,86298,115737
1400000US06059110006,"Census Tract 1100.06, Orange County, California",2473,1254,1572,1315,69,10,0,3,175,33.9,143438,192102
1400000US06059110007,"Census Tract 1100.07, Orange County, California",4141,2332,2356,1890,84,0,0,63,319,27.4,135202,174801
1400000US06059110008,"Census Tract 1100.08, Orange County, California",4023,2144,1909,1493,48,0,8,37,323,31.7,108125,142613
1400000US06059110010,"Census Tract 1100.10, Orange County, California",3601,1749,2182,1841,135,14,41,34,117,35,135179,147512
1400000US06059110011,"Census Tract 1100.11, Orange County, California",2097,1113,1114,767,138,41,0,5,163,33.6,117679,116906
1400000US06059110012,"Census Tract 1100.12, Orange County, California",4117,2179,2150,1789,160,0,0,9,192,32.4,144250,167792
1400000US06059110014,"Census Tract 1100.14, Orange County, California",3789,2047,2391,1952,220,22,73,45,79,30.3,77125,95659
1400000US06059110015,"Census Tract 1100.15, Orange County, California",2916,1558,1641,1203,115,58,8,95,162,34.5,110278,131746
1400000US06059110102,"Census Tract 1101.02, Orange County, California",5102,2721,2932,2531,173,2,25,49,152,31.8,111445,114822
1400000US06059110104,"Census Tract 1101.04, Orange County, California",4567,2442,2578,2048,168,0,89,57,216,33.1,80285,111586
1400000US06059110106,"Census Tract 1101.06, Orange County, California",2829,1566,1744,1533,108,19,0,13,71,29.4,107045,109966
1400000US06059110108,"Census Tract 1101.08, Orange County, California",2266,1175,1416,1137,83,17,34,19,126,29.9,80761,123794
1400000US06059110109,"Census Tract 1101.09, Orange County, California",5144,2565,3313,2659,122,57,19,34,422,34,107463,130554
1400000US06059110110,"Census Tract 1101.10, Orange County, California",4208,2079,2471,1795,378,42,113,71,72,32.5,79199,85866
1400000US06059110111,"Census Tract 1101.11, Orange County, California",4235,2363,2707,2194,218,17,43,59,176,30.7,99040,118866
1400000US06059110113,"Census Tract 1101.13, Orange County, California",1811,1027,1107,942,68,24,0,0,73,31.3,113258,113598
1400000US06059110114,"Census Tract 1101.14, Orange County, California",3852,1986,2235,1818,134,16,29,60,178,29.2,115925,122359
1400000US06059110115,"Census Tract 1101.15, Orange County, California",3246,1665,1721,1470,162,0,0,8,81,33.5,89643,121503
1400000US06059110116,"Census Tract 1101.16, Orange County, California",3917,2247,2096,1560,280,82,20,7,147,26.6,115313,137452
1400000US06059110117,"Census Tract 1101.17, Orange County, California",4951,2662,2845,1986,301,20,107,37,394,30.2,103368,123492
1400000US06059110118,"Census Tract 1101.18, Orange County, California",1991,977,1179,829,106,19,5,5,215,30.3,190096,221491
1400000US06059110201,"Census Tract 1102.01, Orange County, California",6770,3861,3740,3077,393,60,0,47,163,32.9,70313,86453
1400000US06059110202,"Census Tract 1102.02, Orange County, California",6266,3251,3299,2472,373,120,30,146,158,34.2,57054,90801
1400000US06059110203,"Census Tract 1102.03, Orange County, California",4790,2508,3037,2404,218,15,0,93,307,30.3,111490,118671
1400000US06059110301,"Census Tract 1103.01, Orange County, California",6071,2913,4021,3356,99,112,53,0,401,32.9,104135,110929
1400000US06059110302,"Census Tract 1103.02, Orange County, California",5140,2478,3396,2992,216,94,9,0,85,27.7,115560,108245
1400000US06059110303,"Census Tract 1103.03, Orange County, California",3875,2023,2280,1922,272,0,0,34,52,33.1,92224,102826
1400000US06059110304,"Census Tract 1103.04, Orange County, California",3961,2095,2340,1966,147,53,45,11,118,35.3,108681,138695
1400000US06059110401,"Census Tract 1104.01, Orange County, California",3736,1992,2559,2244,166,35,9,28,77,27.8,99875,102756
1400000US06059110402,"Census Tract 1104.02, Orange County, California",4521,2347,2972,2343,372,68,20,0,169,26.9,93088,99674
1400000US06059110500,"Census Tract 1105, Orange County, California",6711,3146,3973,3116,634,116,0,42,65,27.1,60801,81599
1400000US06059110603,"Census Tract 1106.03, Orange County, California",5938,2997,3949,3065,441,174,41,112,116,29.1,56563,67772
1400000US06059110604,"Census Tract 1106.04, Orange County, California",7303,3728,4530,3725,436,31,0,16,322,30,112150,119275
1400000US06059110605,"Census Tract 1106.05, Orange County, California",4958,2568,3129,2857,105,86,0,0,81,34.8,109067,117043
1400000US06059110606,"Census Tract 1106.06, Orange County, California",2956,1567,1894,1590,153,29,36,38,48,33.2,65682,81317
1400000US06059110607,"Census Tract 1106.07, Orange County, California",3173,1721,1797,1456,104,145,8,15,69,35.9,62550,80897
1400000US06059980000,"Census Tract 9800, Orange County, California",35,15,8,8,0,0,0,0,0,N,-,-
1400000US06059990100,"Census Tract 9901, Orange County, California",0,0,0,0,0,0,0,0,0,-,-,-
